tenure,MonthlyCharges,TotalCharges,Contract,InternetService,Churn
52,105.28103974684115,5487.493891573758,Month-to-month,DSL,1
15,102.68242618583314,1536.0082731766418,One year,DSL,0
61,58.512720021082394,3571.88254961753,Month-to-month,No,0
21,86.14468393020591,1795.0332829315748,Month-to-month,Fiber optic,0
24,38.90839813241374,940.9999280866435,Month-to-month,Fiber optic,0
3,47.90106848662335,158.16824481933583,Month-to-month,No,1
22,109.42625348915422,2402.2311612692115,Month-to-month,No,1
53,19.326196198095076,1013.186164633943,One year,Fiber optic,0
2,26.721870147155744,56.22357094173857,Two year,No,0
30,39.204398024894786,1190.680047196761,Two year,Fiber optic,0
38,20.706284795129612,772.3402565601161,One year,Fiber optic,0
2,36.506414379159324,61.949746946035226,Month-to-month,Fiber optic,1
64,77.4702392189086,4953.553414427035,Month-to-month,Fiber optic,1
60,60.985304160434794,3650.9148113807805,Month-to-month,Fiber optic,0
21,109.05251452985144,2281.93095046079,Month-to-month,Fiber optic,1
33,101.37924329732097,3324.573822534954,One year,DSL,0
58,52.86536987318335,3072.0820221186927,One year,Fiber optic,0
22,44.461190209991834,981.5333896485167,Month-to-month,DSL,0
49,56.72862563306123,2762.714164021964,Month-to-month,Fiber optic,0
59,78.21008413651039,4628.966921653676,Two year,Fiber optic,1
42,45.34249136393338,1921.1955604345067,One year,Fiber optic,0
60,81.66318860061168,4892.282260538899,Month-to-month,Fiber optic,0
15,59.75998852350652,908.0653137623679,Two year,No,0
62,74.30881244690198,4601.4163936580135,Two year,Fiber optic,0
62,62.484905971802306,3875.875335353853,Month-to-month,Fiber optic,1
47,48.0355074732756,2249.311229893744,Month-to-month,Fiber optic,0
62,114.74223731013998,7136.161228463302,One year,DSL,0
51,95.88779100429561,4887.317168945778,Two year,DSL,0
55,32.29154392817816,1777.299406278033,Two year,DSL,0
64,106.58373354158711,6814.479572786937,Month-to-month,Fiber optic,0
3,67.7179822214504,221.76710263671515,Month-to-month,Fiber optic,1
51,109.24432714319732,5590.326830763957,One year,No,0
7,99.58523610662616,713.4059445590126,One year,DSL,1
21,61.37177745586181,1298.3717300565743,Month-to-month,DSL,0
39,20.291869448651973,785.1350130280864,Two year,No,0
18,45.4050906572645,825.5701327903852,One year,DSL,1
4,73.24668989540842,292.9163315923863,Two year,Fiber optic,0
60,82.61477842226702,4970.010791553447,Two year,Fiber optic,0
14,44.30454391418664,631.4226353322665,One year,Fiber optic,0
9,32.21431955542806,283.4362202180933,Month-to-month,DSL,0
53,103.16288415352851,5477.111118165382,One year,DSL,0
2,118.40902243176231,243.63838936396388,Month-to-month,DSL,0
60,71.62039859487396,4269.488287063304,One year,Fiber optic,0
71,35.51128715652696,2529.310754509709,Month-to-month,Fiber optic,0
44,45.77534730497563,2009.7973235325258,One year,DSL,0
8,19.875849007841605,150.14636751941612,Month-to-month,Fiber optic,1
47,111.2584782691709,5220.715872608094,Month-to-month,No,1
35,30.010610454794396,1049.0189369614834,Month-to-month,DSL,0
36,76.80468050245386,2769.7690938892056,Month-to-month,Fiber optic,1
50,45.95363251009501,2284.0270052828287,One year,Fiber optic,0
4,74.52615625661093,300.0031033885684,One year,DSL,0
2,84.44487961189014,174.657339885711,One year,Fiber optic,0
6,102.63366397813456,634.4200417055036,Month-to-month,Fiber optic,1
54,39.05496971958153,2098.201463165151,Month-to-month,No,0
4,19.12157452316501,72.99017622488199,Month-to-month,No,1
54,31.962334267018342,1728.5826801459555,Month-to-month,Fiber optic,0
63,109.80190146850671,6928.993885817838,Two year,Fiber optic,0
18,107.13678791137656,1925.41994359306,Month-to-month,Fiber optic,1
44,78.93613642137144,3485.176416260254,Month-to-month,Fiber optic,1
34,79.25271976423264,2675.218848819145,Month-to-month,Fiber optic,0
62,85.83374080371806,5309.1584478993,Month-to-month,DSL,1
14,35.88787041959186,505.91662931762824,One year,Fiber optic,0
48,111.2700184843459,5326.852642267724,One year,Fiber optic,0
15,60.71459353899146,898.9741978172046,Month-to-month,Fiber optic,1
62,57.08012988144874,3533.6902840073626,Month-to-month,No,0
40,70.92960593884942,2844.898627473135,Month-to-month,DSL,1
53,22.790528611055613,1188.9383679728746,Month-to-month,Fiber optic,0
24,34.960903613120095,840.7646703365062,Month-to-month,DSL,0
26,93.27942887548978,2435.5947902342623,Two year,Fiber optic,0
60,26.4454641283629,1584.7783956174844,One year,Fiber optic,0
41,79.5215151655716,3256.69381949251,One year,Fiber optic,0
29,43.02560918749474,1251.7603792629332,Month-to-month,Fiber optic,1
15,57.70815263228161,863.7011789570098,Month-to-month,Fiber optic,0
45,47.44676115061139,2149.00924958992,One year,Fiber optic,0
65,54.27861707942481,3516.9959800412685,One year,Fiber optic,0
71,91.34268232879305,6484.814003792655,One year,Fiber optic,0
9,48.30641499356385,436.8145986916815,Month-to-month,No,1
1,75.77327331028351,71.98873279181892,One year,DSL,1
8,66.55714102430817,503.7443015648907,Month-to-month,DSL,0
63,85.6944588669901,5397.1418595398845,Two year,Fiber optic,0
11,113.55663341112532,1258.1247373915032,One year,No,0
8,92.72235391544552,749.5599231848244,One year,Fiber optic,0
35,39.92391861625719,1400.8849363907036,Month-to-month,DSL,1
35,21.180679776251036,730.3451685852941,One year,Fiber optic,0
33,44.75093251858216,1480.7338677377961,Month-to-month,Fiber optic,0
5,78.697948931426,387.7553664417076,Month-to-month,DSL,1
41,23.245432975393534,956.5975810506216,Month-to-month,Fiber optic,0
28,68.62935721452611,1922.8370521207482,One year,No,0
7,78.8779705895227,542.3820414138253,Month-to-month,Fiber optic,1
12,52.092876863330005,616.1899639663911,Month-to-month,Fiber optic,0
34,96.63304478207384,3289.0737471347256,Two year,Fiber optic,0
33,28.873021819644723,950.5985890953908,Month-to-month,DSL,0
48,25.664053737052495,1223.4717650719483,One year,No,0
23,92.27525313276755,2113.1025201563853,Month-to-month,Fiber optic,1
62,68.54011425303224,4246.448775208137,Month-to-month,Fiber optic,0
37,88.21704443562908,3279.7116920654576,One year,Fiber optic,1
44,62.352388537582115,2738.2443153314935,Month-to-month,Fiber optic,0
35,43.1330073903889,1509.5150632810355,Month-to-month,Fiber optic,0
65,101.54843640276837,6601.664809056839,One year,DSL,0
47,99.54041965483589,4667.089459862367,One year,No,0
3,88.85904002715154,248.94879524302766,One year,No,0
1,45.7588039974562,35.49239665009889,Month-to-month,Fiber optic,1
5,78.20352802064689,393.48841388129745,Month-to-month,No,1
14,54.819337487882734,768.3440354095123,One year,DSL,0
27,27.341371479316685,745.241095633061,One year,Fiber optic,0
9,111.56598469714876,1005.06136122393,Two year,Fiber optic,0
15,31.955500353734063,478.2370123913189,Two year,Fiber optic,0
42,114.92421008972185,4820.776701019066,Two year,Fiber optic,0
51,63.49258884171149,3246.968098825913,Month-to-month,Fiber optic,0
63,36.883558741539204,2314.4723993297625,Month-to-month,DSL,1
52,73.27389663259254,3799.138629721852,One year,Fiber optic,0
4,107.04047525939365,433.8324562114556,Month-to-month,DSL,0
23,92.68693841377524,2118.468010410294,Month-to-month,Fiber optic,0
15,100.26923708186787,1528.1864662146043,Two year,DSL,0
43,85.19590340449317,3664.2237801987976,Two year,DSL,0
29,88.61220958082095,2573.2331390070563,Month-to-month,Fiber optic,0
36,104.61795645966257,3758.1622343026183,Month-to-month,Fiber optic,1
13,43.466136903636965,561.9071313048651,Month-to-month,No,1
32,67.92134629160033,2169.215510162387,Two year,Fiber optic,0
71,40.563363065599425,2874.5804277808725,Two year,Fiber optic,0
59,118.742136815658,7012.11568963892,Month-to-month,No,1
28,114.29405264803455,3195.737713762715,Month-to-month,Fiber optic,0
66,22.021534759587603,1463.5963064236234,Two year,DSL,0
42,89.96866759660023,3805.315862558408,Month-to-month,Fiber optic,0
45,112.37532837639792,5053.934364536441,One year,No,0
62,36.418685202988016,2259.481637721023,Two year,Fiber optic,0
57,75.9304135163682,4331.828391004642,Month-to-month,DSL,0
6,111.37980635398027,686.3938862498168,One year,DSL,0
28,21.462489815751482,600.1232369906595,Month-to-month,DSL,0
28,89.13686725917768,2487.542114060391,Month-to-month,Fiber optic,0
44,48.32959875200018,2113.838940031751,Two year,Fiber optic,0
30,112.2884119284061,3368.072518377861,Month-to-month,DSL,1
62,117.04794100686752,7252.4885402352475,Two year,No,0
62,114.31518188957025,7107.641370046355,One year,Fiber optic,0
1,66.3698500990613,84.06847430583096,Month-to-month,Fiber optic,0
27,105.92835040090996,2849.721732545333,Month-to-month,No,0
62,104.14403865057717,6449.8227953002925,Month-to-month,DSL,1
3,50.548248270812074,152.38244589130508,Month-to-month,Fiber optic,1
70,102.54937836336909,7192.428749661423,Month-to-month,Fiber optic,0
27,21.774778740980246,588.4891573701772,Month-to-month,No,1
9,78.81952760516941,702.9033420666443,Month-to-month,Fiber optic,1
62,41.460901403345716,2569.987068908407,One year,DSL,0
37,30.297822349282438,1114.7345782844898,One year,No,0
51,25.849226566179333,1324.3353269695408,One year,DSL,0
44,89.02145513957025,3909.853689024444,Month-to-month,No,1
24,52.66724630434275,1258.9095507799564,Month-to-month,No,0
59,91.92621069593366,5435.265769194647,One year,DSL,0
32,24.66634676149212,781.6394468946072,Month-to-month,Fiber optic,0
52,50.15961445872225,2593.8386715279553,Month-to-month,DSL,1
62,73.02811182228439,4528.692870495195,Two year,Fiber optic,0
58,98.65376281357428,5718.313509145261,One year,Fiber optic,0
52,50.51275529907113,2631.7774305609983,One year,Fiber optic,0
12,81.84092039657493,985.2657641062101,Month-to-month,No,0
39,108.3697303200911,4226.100297537118,One year,Fiber optic,0
2,80.81804519459507,161.0256561344902,One year,Fiber optic,1
3,41.76186642487065,117.92701478138359,One year,No,0
56,20.488879718766878,1148.2107349608777,One year,No,0
59,106.75008513789484,6307.0678709501235,Two year,DSL,0
2,20.16947990673949,30.604492399484215,One year,No,0
2,107.21957061378833,214.38516746396132,Month-to-month,DSL,1
54,71.95158767077562,3895.7696217792295,One year,No,0
1,113.78490524831541,118.8391461804824,One year,DSL,0
19,99.47589004891387,1903.1366398928706,One year,DSL,0
2,119.78927927440043,233.89713525045752,Month-to-month,Fiber optic,1
53,53.772605176074435,2831.640389847996,Month-to-month,Fiber optic,0
44,96.25320547097495,4237.1475587624545,Two year,Fiber optic,1
32,58.9969531881427,1891.5282101708312,One year,DSL,0
70,66.9473132709987,4699.996148514637,Two year,Fiber optic,0
32,82.00555724827375,2636.05928929183,One year,No,0
68,107.11506564700656,7289.19190022657,One year,Fiber optic,1
55,118.3765138583281,6518.36216434975,One year,DSL,0
56,96.36388821418086,5394.459525412062,Two year,Fiber optic,0
17,60.61221178106804,1018.2164541649645,One year,DSL,0
38,60.97841423226116,2318.356952999733,One year,No,0
24,93.23339476206694,2247.4272089258843,Month-to-month,No,0
69,42.355268868366835,2929.077160615597,Month-to-month,Fiber optic,1
70,29.268359539402255,2057.1232411497517,One year,Fiber optic,0
11,54.17146007935921,591.6085040024838,Month-to-month,Fiber optic,1
16,47.29837714871634,754.1185659992772,Month-to-month,Fiber optic,0
59,48.22342828651099,2850.0165237852943,Month-to-month,No,0
70,41.82799060709081,2922.494268551269,Month-to-month,Fiber optic,0
3,22.29350534290891,61.72334532939671,Month-to-month,Fiber optic,0
20,19.82314134280821,399.44264921993874,Month-to-month,Fiber optic,1
59,118.74768375307522,7013.722388863007,Two year,Fiber optic,0
36,61.63285964105796,2216.7876603447926,One year,No,0
19,57.20131801028753,1075.1931475849267,Month-to-month,Fiber optic,0
67,87.32402283469312,5843.351490774011,Month-to-month,Fiber optic,0
19,40.261896562236544,767.0127555314252,One year,DSL,0
20,114.89604076292298,2299.8360248971194,Month-to-month,Fiber optic,1
71,98.2071914703863,6975.122975773981,Two year,Fiber optic,0
52,27.11992223585047,1415.448909170182,One year,DSL,0
33,60.59323913006269,1999.6349968774934,One year,DSL,0
40,107.67006737134079,4309.453255302034,Month-to-month,Fiber optic,0
39,114.36266627372385,4459.693716446942,One year,Fiber optic,0
1,65.67495414748672,77.1622889767811,Month-to-month,Fiber optic,1
11,80.56796169949219,900.5709990065891,Two year,DSL,1
57,35.03746250139167,1985.245249755525,One year,Fiber optic,1
50,119.09919986597161,5952.407473877558,Month-to-month,DSL,1
23,41.63051354111123,957.8290563609653,Month-to-month,Fiber optic,0
31,114.15864096178282,3536.248722695124,Month-to-month,DSL,1
42,84.26395819722158,3557.015470196615,One year,DSL,0
7,79.98915307764364,562.1636243244028,Month-to-month,DSL,1
16,70.29422812368387,1116.6539317084384,One year,Fiber optic,0
60,41.528320795211386,2497.66367110829,Month-to-month,DSL,0
2,36.00585926456184,74.72146391758561,One year,Fiber optic,1
1,40.489593325157884,43.5315225206921,Two year,Fiber optic,0
48,37.01670273871396,1794.880493046262,One year,Fiber optic,0
12,97.51761630380884,1173.719247403254,One year,Fiber optic,0
69,53.71277643500647,3703.144958776706,Month-to-month,No,0
37,23.89995300946643,864.7454970871569,Month-to-month,DSL,1
32,116.84846827436276,3737.4969945981734,One year,Fiber optic,0
9,108.14616026626942,986.3751415696966,Month-to-month,DSL,1
19,112.63073288591173,2139.0722336367608,Month-to-month,DSL,1
48,119.4805979099364,5712.668200691753,Month-to-month,Fiber optic,0
3,35.7373154203877,102.22832233923864,Month-to-month,Fiber optic,1
20,58.416685928071196,1178.2606039505517,Month-to-month,No,0
24,95.34032452181731,2293.6259602692357,Two year,Fiber optic,0
54,88.99410304148681,4797.2827552751805,Month-to-month,No,0
33,33.697382446665216,1106.3607729759613,One year,DSL,1
24,101.21497874904301,2425.0524033860083,Month-to-month,DSL,1
36,40.89293832733939,1465.5186420655887,One year,DSL,0
38,40.82939671190755,1531.2203363750912,Month-to-month,DSL,0
25,72.77139113512818,1826.9206893844032,Two year,Fiber optic,0
18,78.47987335385372,1425.2083199362578,Two year,Fiber optic,0
66,77.16879319945673,5077.955861724497,Month-to-month,DSL,1
54,27.331657414570998,1488.3480297126969,Two year,No,0
35,107.5010079882988,3761.5050475764856,Two year,No,0
61,45.09120434404802,2762.814788468608,Two year,DSL,0
41,31.210521970846024,1280.0109051675915,Two year,DSL,0
33,108.65230414663567,3586.8814827605634,Month-to-month,DSL,0
68,115.47645281943484,7856.123138191391,One year,DSL,0
33,105.93701696107597,3488.0208964641542,Month-to-month,DSL,0
14,100.57063962193756,1419.935696150406,Month-to-month,Fiber optic,1
21,84.83468202518021,1770.3145161480365,Two year,DSL,1
48,74.18745180213222,3556.97701905718,Month-to-month,Fiber optic,0
20,26.872649510963832,542.6956369957084,One year,No,0
8,59.66222773321127,472.2058694608355,Two year,Fiber optic,1
7,56.014228735256026,399.8749135549416,Two year,No,1
67,44.49488594355327,2994.916019949909,Two year,DSL,0
17,91.78885159623566,1570.5359371465445,Month-to-month,Fiber optic,0
33,68.57932497803462,2243.7565711383563,Month-to-month,Fiber optic,0
48,26.26671402258009,1262.0607427800378,Month-to-month,DSL,0
59,40.45868659888076,2397.349335440929,Month-to-month,DSL,0
22,87.69239389327879,1916.0651771839127,Month-to-month,Fiber optic,1
30,25.76534766801062,780.1965359126073,Month-to-month,Fiber optic,0
38,104.82310523297441,3989.952606669421,One year,Fiber optic,0
51,68.50494575542538,3481.6313346073116,One year,Fiber optic,0
54,67.0198308873181,3627.413194572579,Month-to-month,Fiber optic,0
8,78.42559403527079,630.1317302174657,One year,DSL,0
27,102.11745852436522,2763.6751980450736,Month-to-month,Fiber optic,0
27,53.47653920602369,1434.2034347049882,Month-to-month,DSL,0
21,87.15764756102448,1831.811959945228,One year,DSL,0
30,75.70466032757068,2254.091024285797,One year,No,0
28,45.236883557280976,1243.8628275285369,One year,Fiber optic,1
64,107.62025860822611,6889.104835191749,Month-to-month,Fiber optic,0
69,99.33745420390666,6865.290316137172,Two year,Fiber optic,0
61,85.1620871351594,5197.416683387374,One year,Fiber optic,0
48,104.75933636761268,5027.813685005967,One year,DSL,1
19,106.46400849789984,2020.9408202595482,One year,DSL,0
4,90.25302362493355,351.58644058530354,Two year,DSL,1
35,103.37535949309455,3615.918973220356,One year,Fiber optic,0
64,89.14208909026694,5709.310546459728,One year,Fiber optic,0
49,87.37435871955064,4276.991354929975,Two year,Fiber optic,0
17,81.0983605779488,1386.1779983634874,One year,Fiber optic,0
44,94.7770972348794,4172.152028673339,Month-to-month,No,0
30,34.177720739893516,1028.5014163745395,One year,DSL,0
46,107.8488174382907,4969.932229696881,Month-to-month,DSL,1
6,106.92803983001366,636.3006846535321,Month-to-month,Fiber optic,1
37,20.983222869525033,782.9730520342957,One year,Fiber optic,0
24,102.2333085576058,2449.734638210019,Two year,No,0
46,31.14472648229141,1436.0525630235932,Two year,DSL,0
53,52.18212313443247,2759.1948126185557,Month-to-month,No,0
60,93.83784214174399,5621.1634902739925,One year,No,0
63,34.39750939692743,2167.961739462913,Month-to-month,DSL,0
32,101.43263646014434,3226.9923662044075,Two year,Fiber optic,1
33,102.87768615168967,3392.0009685706705,Two year,Fiber optic,0
67,69.76170884360529,4657.970722465462,One year,No,0
18,18.651358915117026,343.5168008152425,Two year,DSL,0
25,47.2778895838411,1192.4483455571167,One year,Fiber optic,0
54,80.9265456743257,4361.393954199379,One year,Fiber optic,0
58,118.08099015879719,6852.980558834972,Month-to-month,Fiber optic,0
67,82.44497975570017,5532.805000768787,Month-to-month,Fiber optic,0
46,44.4999652685443,2056.023094578056,One year,Fiber optic,0
24,82.66858171616036,1986.190469527565,One year,No,0
32,73.07850873101725,2345.855326148167,Month-to-month,No,0
47,97.54423030541665,4578.085511235378,Two year,No,0
23,28.912025160349756,665.8078033446111,Month-to-month,DSL,0
66,95.62484605520686,6306.5688055757455,One year,Fiber optic,0
27,73.20919102496325,1969.310277936154,One year,DSL,0
2,116.22518439361745,232.8110027019312,One year,Fiber optic,1
17,52.87096093594598,902.2816396726624,One year,Fiber optic,1
33,82.5274330996627,2735.040379968419,Month-to-month,Fiber optic,1
9,113.06686676202179,1020.253356131185,Month-to-month,Fiber optic,1
43,28.455992255049285,1230.0269723167348,One year,No,0
48,113.59730569811802,5459.203505242161,One year,DSL,0
39,88.16434367468297,3465.2847469696053,Month-to-month,Fiber optic,0
42,24.919380028727534,1028.5136371738306,One year,Fiber optic,0
26,48.698283828575256,1259.276040874585,Month-to-month,DSL,1
50,90.23355304181872,4526.418212615817,One year,DSL,0
25,24.869761349814713,618.2239029968331,Two year,No,0
24,77.38138693797987,1866.011317887534,Month-to-month,No,0
13,53.28007180920159,694.941028757249,Month-to-month,No,0
60,81.33338281228266,4901.05499274904,One year,No,0
7,22.665687448876312,147.52926787149704,One year,DSL,0
57,106.89675422754237,6105.3329964951035,One year,Fiber optic,0
36,117.29587485609449,4240.1473078721265,Two year,Fiber optic,0
45,116.82554123914053,5247.005166989644,Two year,Fiber optic,0
20,94.46448683777832,1897.11843919138,Two year,Fiber optic,0
65,31.26879649332446,2022.8167922077994,One year,Fiber optic,0
8,95.3428459847603,763.0443836034336,Month-to-month,Fiber optic,1
16,20.507865478797754,325.55996835894234,Month-to-month,Fiber optic,0
14,20.25660225595772,259.5648922344112,Month-to-month,DSL,1
15,51.00824235325321,769.3659778959171,One year,Fiber optic,0
66,67.84160542127591,4478.9793494802725,Month-to-month,Fiber optic,0
32,96.5815566163949,3105.4006014586944,Two year,Fiber optic,0
63,87.69612841386353,5530.967526619898,One year,DSL,0
51,63.48207605042833,3260.4947178126326,One year,Fiber optic,1
25,45.90991996072992,1148.818422839035,Month-to-month,DSL,0
58,119.70669901608653,6941.933242412996,Month-to-month,Fiber optic,1
63,61.47049282806924,3870.797481661191,Month-to-month,Fiber optic,0
62,64.0414764816269,3966.17565475055,Month-to-month,Fiber optic,1
22,34.68962976155026,741.09434559028,Month-to-month,DSL,0
58,99.0705739724928,5743.891344134503,One year,Fiber optic,0
58,88.75558702971185,5127.145500458928,Two year,Fiber optic,0
49,40.518500504453556,1989.926858164082,Two year,Fiber optic,0
52,26.402866652815955,1360.5484630217238,One year,Fiber optic,0
42,87.41092881162074,3662.3156838571863,Month-to-month,Fiber optic,0
70,84.7601438566758,5926.51596801898,Two year,Fiber optic,0
15,45.87247175381735,686.0377259291279,Two year,DSL,0
54,114.98808334954185,6209.425183424651,Month-to-month,DSL,1
60,33.40790496165182,2015.31909352984,One year,Fiber optic,0
8,62.098149706345396,491.0098967156876,Month-to-month,Fiber optic,1
53,114.24882385709509,6059.989125788264,Two year,Fiber optic,0
60,60.81218632646448,3676.0398519201044,Two year,DSL,0
5,83.12964666173673,419.42174033631596,Month-to-month,DSL,1
68,58.55462859220501,3979.909846380625,Two year,Fiber optic,0
6,45.969950639564345,268.0281873181031,One year,DSL,0
47,118.36572009190247,5561.245528865214,Two year,Fiber optic,0
55,59.75206864413439,3277.501571991297,Month-to-month,DSL,0
40,109.19811877527171,4370.611365277706,Two year,Fiber optic,0
52,41.45536980089079,2156.714671032715,Month-to-month,No,0
16,39.7366798105585,614.1646847597581,Month-to-month,DSL,0
13,21.17567645422016,275.0982138472014,Month-to-month,Fiber optic,1
30,84.47001618834028,2544.8619487766086,Two year,DSL,0
19,55.58968705982364,1052.2129356146215,Two year,Fiber optic,0
17,106.16454148364298,1798.268237497815,Two year,Fiber optic,0
63,66.26741048253882,4161.069852668777,Two year,Fiber optic,0
19,116.75572964730162,2199.7789428824867,Month-to-month,Fiber optic,1
58,36.92360260171836,2149.8824435702973,Month-to-month,No,1
55,106.5995631314723,5861.161188935184,Month-to-month,DSL,0
62,97.21287898475765,6034.918712675009,Month-to-month,DSL,1
23,96.63402815369331,2237.8958849807404,Month-to-month,No,1
9,104.16788926792255,946.7234802604064,Month-to-month,Fiber optic,1
12,95.62444707618589,1142.0696416998426,Month-to-month,No,1
1,81.87447280640437,83.32314945297992,Month-to-month,Fiber optic,1
58,31.386977523603534,1814.2969677174358,Month-to-month,No,0
1,21.317670308107694,14.234785682091061,Month-to-month,Fiber optic,1
34,111.92648047720006,3808.9284878488284,Two year,Fiber optic,0
48,80.89833208111529,3874.797001062352,One year,No,0
1,99.24680367956998,77.15528748868297,Two year,Fiber optic,0
16,67.11527985428012,1064.9629987112082,Month-to-month,DSL,0
61,29.965435274164236,1824.8227402371447,Month-to-month,DSL,0
64,30.768950804660143,1984.4268364765685,One year,DSL,0
63,87.92765929735508,5534.533161234656,Month-to-month,DSL,1
69,61.8912012797452,4275.612129212711,Month-to-month,Fiber optic,1
22,38.45352212343435,844.294404375935,Month-to-month,Fiber optic,0
67,68.14264376762657,4577.821183869684,Month-to-month,Fiber optic,0
26,24.549311581663677,649.8530649778952,Month-to-month,Fiber optic,0
16,77.36108299526867,1249.539078976698,Month-to-month,Fiber optic,1
51,45.43732725237996,2299.9638545772045,One year,DSL,0
57,99.35102826499319,5665.075851577062,Month-to-month,DSL,0
29,49.65691981020453,1447.640060497151,Month-to-month,DSL,0
69,64.43245520634372,4449.65479486361,Two year,Fiber optic,0
47,19.185295070626264,908.0748315776526,Month-to-month,DSL,1
62,25.389582555045006,1574.7376284556453,Month-to-month,DSL,1
69,58.03434275348185,3996.921807922982,Two year,Fiber optic,0
16,66.9537611411466,1054.289204408483,Month-to-month,No,0
48,79.20209590816899,3795.2449093056266,Month-to-month,DSL,0
39,47.74958302834893,1889.014836841992,Month-to-month,Fiber optic,0
33,88.88815238490734,2928.4525169410354,Month-to-month,Fiber optic,0
23,105.73248451329887,2412.253241544967,One year,Fiber optic,0
10,97.54480086712168,982.7745022785076,Two year,No,0
69,22.041120185532428,1529.391892888564,Month-to-month,DSL,0
34,67.01170862029855,2291.2713369916723,One year,DSL,0
52,28.702878198653835,1497.2594513670672,One year,No,0
10,42.688591617977806,435.34193132444756,Month-to-month,Fiber optic,0
19,118.63958451324893,2272.5542771001496,One year,Fiber optic,0
58,32.53454537595435,1879.5488968847312,Month-to-month,Fiber optic,0
1,68.88659165203832,59.44808459780114,Month-to-month,Fiber optic,0
69,81.05188490044816,5581.634192735394,Month-to-month,No,0
4,89.6514269954986,355.94801211705453,Month-to-month,No,1
16,75.08416571566524,1215.6808756488954,Month-to-month,Fiber optic,0
24,18.996626436756735,461.199718159624,Two year,DSL,1
2,51.29905344088717,107.48502640886652,Month-to-month,No,1
32,70.80658762524057,2247.6177247210508,Month-to-month,DSL,0
24,26.962382912773002,640.1653216341879,Month-to-month,DSL,1
12,53.76394698333644,626.8107874714169,One year,No,0
50,21.38671709671939,1081.048312729185,One year,DSL,0
35,26.015006709812116,926.3816997722814,One year,DSL,0
33,58.4861741725628,1937.8394149669762,One year,DSL,0
33,31.537006912392158,1030.8533676515458,Two year,No,1
61,75.88916652267893,4644.059382819572,Month-to-month,Fiber optic,1
51,88.3254268520011,4502.064220351804,One year,Fiber optic,0
43,99.65984330912646,4273.228669484912,Two year,DSL,0
12,38.41532491297063,451.3398564095307,Two year,Fiber optic,0
67,35.08322339042512,2346.2744008025643,Two year,Fiber optic,0
65,28.665919714108824,1863.7805666219208,Month-to-month,Fiber optic,0
33,82.91588545345094,2734.610777847363,Month-to-month,Fiber optic,1
40,90.06052410166392,3588.2942798848467,Month-to-month,DSL,1
43,21.221786772215488,924.6699952971225,One year,No,0
44,113.49364911685636,4992.214501947312,Month-to-month,Fiber optic,0
29,23.301070932450187,668.593518478349,Month-to-month,No,0
13,73.21222620070918,962.8619642290471,Two year,Fiber optic,0
12,90.32417298399348,1072.0560139252564,Month-to-month,Fiber optic,1
46,106.83885062210074,4898.298226780888,Two year,Fiber optic,0
2,90.83686707750763,194.39860862100267,Month-to-month,Fiber optic,1
35,99.77626447311877,3511.0831350546605,Month-to-month,No,0
8,52.62391963936622,416.3703969284158,Month-to-month,Fiber optic,1
26,101.11216160214424,2628.456501576579,One year,DSL,0
34,26.171714331236863,878.3716401168443,Month-to-month,Fiber optic,1
7,109.27129891817381,764.9540179296506,Month-to-month,Fiber optic,1
68,73.8544223676811,5017.3436683650025,Two year,Fiber optic,0
58,101.36437253617436,5878.1123226977625,Month-to-month,DSL,1
29,64.13646502086661,1864.0500694811042,One year,Fiber optic,0
36,83.64492491004555,3000.2358419813313,One year,Fiber optic,1
21,71.69307141548354,1501.9363863328288,Month-to-month,Fiber optic,0
36,92.62213121904385,3316.3589096677965,One year,Fiber optic,0
10,26.326258167120137,259.7127088300685,Month-to-month,Fiber optic,1
24,24.155912567037507,578.8075608997302,One year,DSL,0
64,43.204529869034936,2767.3797358688466,Month-to-month,Fiber optic,0
49,34.27355737154521,1681.8000766093473,One year,DSL,0
36,106.92192379240457,3858.228484033933,Month-to-month,DSL,0
24,40.35982671052052,953.2391758597594,One year,Fiber optic,0
23,117.5382560935514,2688.517119852179,Month-to-month,No,0
62,52.3633707606529,3251.8185665244046,Month-to-month,Fiber optic,0
37,36.57602740024733,1332.923401039097,Month-to-month,Fiber optic,0
12,98.54924772853288,1184.4239748634445,Month-to-month,No,1
55,85.18819310108937,4673.547691164016,Two year,No,0
13,68.81596307822018,910.3356664260341,Month-to-month,DSL,1
23,74.64708219563838,1719.3874145769603,Two year,No,0
30,91.35858138377091,2738.565881315997,Two year,Fiber optic,0
17,41.30238361579247,714.4177302398638,One year,Fiber optic,0
62,119.62605943778767,7406.181665077126,Month-to-month,DSL,1
13,117.42890253897188,1517.8416366657564,Month-to-month,Fiber optic,1
59,84.33322000738757,4963.045432099316,One year,DSL,0
19,38.35332999477281,720.0628776371934,Month-to-month,DSL,0
49,87.38328072799172,4282.391911765269,Month-to-month,Fiber optic,1
12,25.364237715875937,309.3103713104485,One year,No,0
61,21.126555224992217,1298.3340855782005,Two year,No,0
19,44.28365462814379,823.1421974657247,One year,Fiber optic,0
9,65.18754158741027,584.9692444220594,Month-to-month,No,1
71,106.56379555165482,7554.947838855584,One year,No,0
28,92.17124511616342,2578.7419923376947,Month-to-month,Fiber optic,1
52,93.75606516239807,4898.65702424597,Month-to-month,DSL,1
16,61.400320113703685,985.3237394392592,Two year,Fiber optic,0
69,53.28536923979022,3685.6851272570075,Month-to-month,No,0
12,55.84595382442947,689.7583586147641,Month-to-month,Fiber optic,1
25,118.7402555010779,2979.779969958695,Month-to-month,Fiber optic,0
52,22.09113752407321,1144.2600064549372,Two year,Fiber optic,0
53,106.43721260448976,5628.413947172257,One year,Fiber optic,0
23,77.02489167438412,1771.2710658156261,One year,Fiber optic,0
16,62.738772757338225,998.1433062752247,One year,DSL,0
57,91.97628136234393,5227.402824787412,Month-to-month,Fiber optic,1
39,67.64023202531969,2640.3782989603624,Month-to-month,No,0
53,107.08917028432937,5678.38488805005,Month-to-month,No,0
42,109.87159012914837,4632.297952426865,Month-to-month,DSL,0
58,61.01553454109245,3535.283372694994,Month-to-month,No,0
39,46.236435317975264,1806.0221912907298,Two year,Fiber optic,0
14,78.41973351652294,1091.221415084419,Month-to-month,Fiber optic,1
5,111.06106125290248,564.037000571447,Month-to-month,Fiber optic,1
35,39.48754327857799,1380.8178367883281,Month-to-month,No,0
18,81.54259152347524,1456.040731334027,Month-to-month,No,1
9,82.41914244943709,741.6375638282823,Two year,Fiber optic,1
58,92.77752828635866,5385.001869584452,Month-to-month,No,0
17,31.4199038829805,536.6910998848041,Month-to-month,DSL,0
7,91.01414639757303,647.5579919379699,One year,Fiber optic,1
46,110.72131710789539,5078.700023242781,Month-to-month,Fiber optic,0
13,36.32767710476468,463.83237646179145,Month-to-month,Fiber optic,0
40,42.22941914223552,1695.5746390073762,Month-to-month,DSL,1
42,117.08229959224724,4910.203893094774,One year,No,0
9,36.45964917636796,330.5415550806137,Two year,DSL,0
50,105.14727952369707,5233.166523710736,One year,DSL,0
27,68.21234135769956,1868.8926823810168,Month-to-month,Fiber optic,0
66,43.217569589124054,2849.662407566614,Two year,Fiber optic,0
5,106.81648992979616,546.0220122488637,Month-to-month,No,1
29,63.42113601027188,1835.8439660420495,Month-to-month,Fiber optic,0
37,70.5113701008284,2613.0676790179596,Month-to-month,DSL,0
38,54.6418036787761,2091.3077362569447,Month-to-month,No,0
8,78.4809868463626,639.5059549629847,One year,Fiber optic,1
65,34.679435003672324,2252.118725441849,One year,DSL,1
17,57.89031673847959,982.7828413002161,Two year,Fiber optic,0
71,116.88005687819933,8308.519703953983,One year,Fiber optic,0
45,44.32961013551501,2018.1649001410285,One year,Fiber optic,0
4,84.9871397832118,341.8713858768376,Month-to-month,Fiber optic,1
36,51.16938655091888,1861.6685522384962,Month-to-month,No,0
70,96.89425882003327,6780.183973298127,One year,No,0
31,31.349113393271683,981.3421188265203,Month-to-month,Fiber optic,1
19,116.92174659801157,2232.5247429846927,Two year,DSL,0
61,64.28653322113121,3917.378921450476,Month-to-month,No,1
54,42.07714726133932,2264.695171319307,Month-to-month,Fiber optic,0
39,25.496668227661292,1005.8239527642639,Month-to-month,Fiber optic,1
19,35.31530631892916,665.6752506872235,Month-to-month,Fiber optic,1
39,71.0169427527138,2760.7172682290843,Month-to-month,No,0
67,52.374323995991205,3502.2401127134194,One year,Fiber optic,0
45,102.54610332002616,4609.218516016923,Month-to-month,DSL,0
13,61.950527413504204,813.9230274218114,One year,Fiber optic,1
58,43.368855803938246,2520.54406336118,Month-to-month,No,0
20,80.94878863361106,1626.1323551198002,Month-to-month,DSL,1
61,90.09127612231548,5499.7816415722245,Month-to-month,No,0
39,35.03827460589689,1360.5543080075122,Two year,Fiber optic,0
1,35.0971600614084,42.06818862049113,Month-to-month,Fiber optic,1
3,21.740485547221382,77.04599490771719,One year,DSL,0
62,93.11300553669533,5778.851375436303,Month-to-month,DSL,0
63,85.70806181742412,5404.1044535639785,One year,No,1
25,66.412349326481,1652.6381880963183,Month-to-month,DSL,0
56,104.10538579485811,5832.019775301799,One year,Fiber optic,0
33,100.17835560090542,3297.6833215353918,One year,Fiber optic,0
38,77.70614516846871,2952.5932378210045,Two year,DSL,0
6,106.56367061235238,622.9793572818611,Month-to-month,DSL,0
58,38.99580342375036,2245.4310145476,Month-to-month,Fiber optic,0
44,29.415801178568245,1292.3847749575325,Month-to-month,No,0
45,45.51446037473294,2042.6663201447125,Two year,Fiber optic,0
32,23.822859321110116,763.3993702102655,One year,Fiber optic,0
45,72.17929185610527,3246.720447733586,One year,Fiber optic,0
61,113.53378061408607,6925.862525331352,Month-to-month,Fiber optic,1
47,22.013041148187984,1040.6990083884027,Month-to-month,Fiber optic,1
21,30.455211229022733,634.9267462528691,Month-to-month,No,0
36,64.1243008849104,2306.280393740326,Two year,Fiber optic,0
19,113.2552517878463,2166.3999961967115,One year,Fiber optic,0
20,50.247922707628554,1004.9892954208213,Two year,DSL,1
57,69.73795048621602,3973.2710729680593,Month-to-month,No,0
18,22.240431623139994,401.15289620975176,One year,DSL,0
47,33.13100649813306,1555.5436616821585,One year,DSL,0
49,118.63627254180238,5806.081631618785,Month-to-month,Fiber optic,1
14,116.44210703647664,1620.2092001388758,Two year,Fiber optic,0
15,18.50387805530978,269.9238574281467,Two year,Fiber optic,0
31,115.08480211317037,3576.358057375989,Two year,Fiber optic,0
1,83.19023365718104,76.89118110999692,One year,Fiber optic,1
54,106.52766604104225,5750.944720197918,Month-to-month,DSL,0
3,64.38346527465363,200.15775867528984,Month-to-month,No,1
16,70.59079491508353,1126.6688069332267,Two year,Fiber optic,1
57,67.86235118620586,3874.4876307621703,Month-to-month,Fiber optic,0
12,86.02015426970264,1016.8339208121231,One year,Fiber optic,1
16,32.244427985143915,514.5856809668837,One year,DSL,0
24,21.057306167013152,506.16430897430075,One year,Fiber optic,0
28,49.40885404230147,1383.6793004154229,Two year,Fiber optic,0
8,89.87743779913797,702.4903154147149,Month-to-month,Fiber optic,1
36,38.58905211654073,1401.2370026597744,Month-to-month,Fiber optic,0
8,86.69010819914156,684.9741361434184,Month-to-month,No,1
58,116.93102870294159,6785.3500360232365,Month-to-month,Fiber optic,0
60,27.577873010520676,1654.752023457714,Month-to-month,No,0
50,86.60541605896287,4340.307898186251,Month-to-month,Fiber optic,0
28,63.262522369066254,1793.2255146275972,Two year,DSL,0
41,106.55050994650554,4355.6672629612995,Two year,DSL,0
64,36.06927852363336,2301.94468669981,Month-to-month,Fiber optic,0
27,88.64784712706879,2395.382797369248,Month-to-month,DSL,0
63,103.48775954410725,6508.675318103228,Two year,DSL,0
17,114.35065038635037,1951.782882647514,Month-to-month,No,0
33,87.69129888554387,2902.246589444518,Month-to-month,No,0
29,68.71182592885958,1998.2374426968781,Month-to-month,Fiber optic,0
13,81.02041850052382,1055.6312580155716,One year,DSL,1
46,106.62830841682926,4918.599274953844,Month-to-month,DSL,1
35,76.20219415716062,2655.520540683933,Two year,DSL,0
6,21.09948008907736,127.24956248788969,Month-to-month,Fiber optic,1
69,112.95676694171173,7786.628890290808,One year,No,0
47,88.33172860521924,4160.490407770956,Month-to-month,Fiber optic,1
25,87.00436534927914,2156.7757220869144,Month-to-month,DSL,1
66,39.99886554456715,2639.6442872855023,One year,Fiber optic,0
10,85.20631796373104,855.4155665080099,One year,Fiber optic,0
56,58.174169376724166,3248.2785637468155,One year,Fiber optic,0
30,84.42576365823219,2526.51100942475,One year,Fiber optic,0
5,28.872489091415055,144.51623527079633,Two year,Fiber optic,1
33,85.10022106950967,2817.858259088234,Two year,DSL,0
65,119.94020002860799,7785.784309573649,One year,DSL,0
18,22.917627963776717,403.932803944234,Month-to-month,No,1
49,117.67176679057437,5777.172450448547,Month-to-month,DSL,0
11,59.5046119937328,651.8209779318624,Month-to-month,DSL,1
26,106.81685193440043,2769.4627598959614,One year,DSL,0
63,97.80331937394389,6168.8959685306345,Month-to-month,DSL,1
59,75.83565862064012,4469.421888645445,Month-to-month,Fiber optic,1
27,93.3218193436353,2529.963337631541,Two year,No,0
49,107.60858725273748,5266.183571614339,Two year,Fiber optic,0
33,59.22231280840536,1952.740377059127,Two year,Fiber optic,0
1,51.357382479450344,60.80709913333766,Month-to-month,Fiber optic,1
21,86.09452532748564,1805.722423165461,One year,Fiber optic,0
55,100.40028607800838,5529.576267511246,Month-to-month,No,1
6,95.7530837472148,573.8630264154788,Month-to-month,No,1
69,99.37699218358071,6876.8293787310695,Month-to-month,DSL,1
5,62.42949811091916,327.83527659562435,Month-to-month,Fiber optic,1
3,101.4190900498522,290.9763075252191,Month-to-month,Fiber optic,1
53,30.26132364780206,1609.0725901459894,Two year,No,0
23,73.53788799200666,1683.2073839551426,Month-to-month,Fiber optic,1
53,18.5873833708084,987.0463880407725,One year,No,0
37,51.10775464982757,1891.6706283367228,One year,Fiber optic,0
17,55.37907655688258,930.8904312960791,Month-to-month,DSL,0
1,58.40961454414405,68.9944599794473,Month-to-month,Fiber optic,0
51,88.93765508236594,4537.8534386363535,Month-to-month,No,1
45,57.63292632957526,2590.634854474161,One year,No,0
4,63.766749507498126,250.68589978755656,Month-to-month,DSL,1
62,42.229501349181405,2619.6268533469092,Month-to-month,Fiber optic,0
65,56.071682746192685,3648.7386286776677,Month-to-month,Fiber optic,1
32,41.181501980841446,1316.5583055233435,One year,DSL,0
34,25.465984224381252,837.5182679212005,Two year,Fiber optic,0
39,79.55175652490055,3102.6874116335466,Month-to-month,DSL,0
26,86.15770545261165,2225.6855211518055,One year,No,0
34,81.18801529298068,2758.2979943048526,One year,Fiber optic,0
54,65.27639246765838,3510.879550682856,Two year,No,0
3,56.738149578281444,156.04947238404964,Two year,DSL,0
50,106.06003225632617,5315.352831035793,One year,Fiber optic,0
12,70.94634208389425,848.1551851972871,One year,DSL,0
65,66.87655151823256,4343.009227086897,Two year,DSL,0
54,20.615490712256438,1118.0617389501338,Month-to-month,DSL,0
5,52.80727841786795,260.33048685861525,Month-to-month,DSL,1
57,56.77995311615742,3257.495388542247,Month-to-month,Fiber optic,0
17,58.67992365148385,994.8285044679652,Two year,DSL,0
47,77.1775816611879,3630.997592195661,Two year,Fiber optic,0
23,72.4274597661416,1675.5409879350254,Month-to-month,Fiber optic,1
14,80.00631946493135,1136.111004765108,One year,No,0
66,96.01809267729708,6329.77405534503,Month-to-month,No,1
51,100.92454534904154,5142.972177762732,Month-to-month,Fiber optic,1
38,91.24855377510242,3480.1909622068274,Two year,Fiber optic,0
64,115.46341698740333,7397.759310234341,Month-to-month,DSL,0
38,19.859723432988886,765.4212498102623,Month-to-month,No,0
50,37.96935453972171,1884.7806815504887,One year,DSL,1
30,18.771413247770496,578.6223949723551,One year,DSL,0
51,84.0424208437695,4278.549387599397,Month-to-month,DSL,1
63,109.59911599289866,6906.667237334034,One year,Fiber optic,0
52,42.83519425078252,2225.9478722647737,One year,DSL,0
38,112.55752356922328,4268.401067265005,Month-to-month,Fiber optic,1
30,24.147273809535207,710.2928566518463,Month-to-month,DSL,1
51,113.31247473416246,5761.497730275957,One year,Fiber optic,0
5,53.86551409844271,270.51775455275333,Month-to-month,DSL,1
29,28.344924501820085,806.7496196504478,Two year,DSL,0
4,67.55891943700522,258.897521797152,Two year,No,0
10,44.19120990749181,439.7317402929359,Two year,DSL,1
56,47.05703600011613,2608.8059310039043,Month-to-month,No,0
17,49.343576422481235,846.6305963026209,Two year,Fiber optic,0
17,99.90864157893166,1674.3480251707701,Month-to-month,DSL,0
69,72.99445022087596,5035.843341327114,Month-to-month,No,1
34,49.753385313912375,1691.7652929389637,Month-to-month,DSL,0
6,80.25404589771367,486.9048925881001,Month-to-month,No,1
53,91.04736877076574,4825.093736826686,One year,DSL,0
66,45.80764807482045,3043.483852576482,Month-to-month,No,1
43,60.18200835558586,2589.9895281058766,Month-to-month,DSL,1
23,30.43238152036865,710.4808989609156,One year,Fiber optic,0
55,36.47723365253739,1999.0132228008536,Month-to-month,Fiber optic,0
16,87.47402110442825,1400.7919057327467,One year,No,0
8,36.50671146495395,307.52939266992087,Month-to-month,No,1
4,71.56666513404014,283.88970928926415,Two year,No,1
4,90.32271869568814,363.21322242470484,Two year,No,1
56,28.90144615566387,1628.2895192085514,Month-to-month,DSL,0
25,75.86584640214816,1889.2238648517878,Month-to-month,DSL,1
67,44.1694039375391,2937.734460481928,Month-to-month,DSL,0
67,116.21854127423315,7789.198001910744,Two year,Fiber optic,0
27,67.32165596543231,1827.5714027602526,Month-to-month,Fiber optic,1
32,100.21124007706612,3193.2452248171962,Month-to-month,Fiber optic,0
50,74.12310729993871,3712.8575639697087,Month-to-month,DSL,0
61,22.428078351191555,1374.88244329608,Month-to-month,Fiber optic,0
51,82.58144031059028,4188.918493248952,Month-to-month,DSL,0
19,115.04314090507901,2176.4567908724334,Two year,Fiber optic,0
21,79.36440565492578,1662.6942309461247,Month-to-month,Fiber optic,1
5,101.5572636615326,505.99007830531065,Month-to-month,Fiber optic,0
42,108.1890592615376,4536.509146336899,Two year,Fiber optic,0
61,41.26413673879111,2509.1423130304356,Two year,Fiber optic,0
22,39.62857367063911,888.5434496658814,Month-to-month,DSL,0
21,80.32006086280116,1685.6456868002354,Month-to-month,Fiber optic,1
70,59.92490392028388,4187.792837818374,Month-to-month,DSL,0
1,103.66585289240547,103.25415812327996,Two year,Fiber optic,1
5,109.80235858659714,554.3827012635971,Month-to-month,Fiber optic,1
12,54.04898068887725,649.1040320336391,Two year,DSL,0
46,42.160797015397165,1937.3393867999898,One year,DSL,0
34,97.6136025548739,3312.3623201790083,One year,No,0
49,46.03021562590988,2248.859257214908,Month-to-month,No,0
45,101.90666048839519,4579.82163811293,Month-to-month,Fiber optic,0
27,61.22130187217381,1656.3632965568004,Month-to-month,DSL,0
26,86.09008972772999,2228.4005319969615,Month-to-month,DSL,1
47,27.744602011136152,1307.9289867581015,One year,Fiber optic,0
56,81.63365111701044,4585.614410108853,Two year,No,0
63,64.08030323119738,4040.3161771435666,One year,DSL,0
48,77.83406324389836,3732.3391804179496,One year,Fiber optic,0
61,35.13744918997607,2130.403131737994,Month-to-month,DSL,0
26,93.16112198430658,2437.9702396710863,Month-to-month,No,0
36,106.00530190940931,3804.4906922327464,Month-to-month,Fiber optic,1
1,40.10745960925912,48.593079954016595,One year,Fiber optic,1
8,27.762884663056496,228.48825591039682,Two year,Fiber optic,1
52,20.41113577672631,1059.0113743601275,One year,Fiber optic,0
47,83.48109304521313,3920.98158508721,Month-to-month,DSL,1
56,79.92359168105564,4457.3640213987055,Month-to-month,DSL,0
14,73.76313609683514,1035.9845553638181,One year,No,0
28,41.65860380382949,1172.640169831184,Month-to-month,No,0
2,57.872411582362496,104.85402200324694,Two year,No,0
26,78.63658618898965,2042.9930261704399,Two year,Fiber optic,0
14,68.67021960363527,961.7616936009834,One year,No,0
59,118.7541230619185,7012.3389869326875,Month-to-month,DSL,0
56,31.91685476078678,1787.3818973652915,Month-to-month,Fiber optic,0
7,88.90474451285456,606.0700180503661,Month-to-month,Fiber optic,1
3,59.240514346637795,172.4221653452885,Month-to-month,Fiber optic,1
23,61.6763607224127,1420.8025544693824,Month-to-month,Fiber optic,1
18,91.19497209713397,1649.924781168809,One year,DSL,0
38,88.6284874350857,3361.7061564393143,One year,Fiber optic,0
15,119.1081113576232,1808.4981691098483,Month-to-month,No,1
64,31.096217524320775,1971.21319086816,Month-to-month,Fiber optic,0
28,28.619184237184967,795.7001568906,Month-to-month,DSL,0
39,91.8825593471316,3582.5894785032046,Month-to-month,DSL,1
57,76.99546553465373,4386.734043839734,Two year,DSL,0
17,45.9643879891002,769.0731725165551,Month-to-month,DSL,0
44,26.100775636876634,1152.9127455000898,Month-to-month,Fiber optic,0
25,26.737141458835914,672.1394769840371,Month-to-month,Fiber optic,1
17,109.20746921574006,1857.0065911273964,Two year,Fiber optic,0
13,37.57046712131178,491.73451120963824,One year,Fiber optic,0
25,50.983899335783114,1270.3597192800976,Month-to-month,No,0
68,41.11895302715278,2779.9151763453033,One year,DSL,0
10,54.209623194857606,534.9298332480536,One year,Fiber optic,0
67,25.081231960101523,1682.0130871408965,Two year,No,0
18,70.94409867264358,1278.6212202560484,Month-to-month,DSL,1
34,24.896481486405918,846.8941610636598,Two year,DSL,0
8,99.63636379788088,802.5779930628973,Two year,No,0
40,41.83863235486417,1667.7338337400665,Two year,Fiber optic,0
42,73.08121528966008,3069.6778527368288,One year,Fiber optic,1
41,107.76806693126875,4424.211671966068,One year,DSL,0
6,84.38949164281381,505.4880516718593,Month-to-month,Fiber optic,1
52,72.3616942282362,3750.3748605842216,One year,Fiber optic,0
26,51.08204281776831,1318.5182295654208,One year,DSL,0
64,51.96619513193619,3334.14501168671,One year,Fiber optic,0
59,86.28766943021539,5104.897218012134,Month-to-month,DSL,0
56,119.40221484455908,6698.276862373549,One year,Fiber optic,0
59,85.50759736463662,5047.269804010981,Two year,DSL,0
70,74.89390857174254,5230.542274001811,Month-to-month,DSL,1
33,92.5263520444031,3053.3061018975736,Two year,DSL,0
53,65.45097245293925,3484.5240913252846,One year,DSL,1
22,24.134518945280092,537.1443006007268,Two year,No,0
21,75.35427521954679,1580.365004383644,Month-to-month,DSL,1
70,115.67777901954878,8103.730783696827,Month-to-month,Fiber optic,1
70,35.880900120481286,2498.9690563675335,Two year,DSL,0
4,88.3804988637079,346.56528167634957,Month-to-month,Fiber optic,1
62,38.49523624322376,2375.86273316965,Two year,No,0
62,72.65442381625428,4509.26999479125,Month-to-month,DSL,1
24,27.8609978639654,675.8049837323706,One year,No,0
55,63.937835498334884,3515.042692136435,Month-to-month,DSL,1
9,95.1286595473151,847.4286391584402,One year,Fiber optic,0
3,53.45229547237617,160.15939548178224,Month-to-month,Fiber optic,1
31,85.82099589769624,2655.585073921845,Month-to-month,No,0
40,99.13589600055238,3957.4741329751578,Month-to-month,Fiber optic,1
36,112.57213758690418,4055.986889981643,Month-to-month,Fiber optic,1
24,41.93349234925626,998.8238941569637,Two year,DSL,0
6,58.73022341254943,336.71784314565565,Two year,DSL,0
66,33.546433359702576,2200.6234570367383,Month-to-month,No,0
4,119.23331722015428,460.9006642124576,One year,Fiber optic,1
6,112.55409872827812,677.7997115354308,Month-to-month,Fiber optic,1
51,73.07562728861708,3728.361046101233,One year,Fiber optic,0
62,103.88739602639497,6442.02375458157,Two year,Fiber optic,0
57,71.1377136817483,4060.7269963844524,Two year,No,0
66,81.6057401762815,5397.89844019575,Month-to-month,Fiber optic,1
8,27.090692075833694,210.8028712984184,One year,Fiber optic,0
26,95.03758289067441,2475.041929929919,Month-to-month,No,1
51,31.026775330793953,1566.5693867964328,Two year,DSL,0
45,102.2588982857579,4615.43752032174,Month-to-month,DSL,1
44,97.76686494237936,4289.293745082509,One year,Fiber optic,0
5,90.2919591697836,444.3589846585136,One year,DSL,1
70,21.688358813525735,1512.2080218094704,One year,Fiber optic,0
26,48.91909230642352,1256.6336899997896,Month-to-month,No,1
68,44.83748213090597,3049.2745406756917,Two year,Fiber optic,0
19,54.73391356209495,1042.0833963618188,Month-to-month,Fiber optic,0
20,26.93956016991153,536.8970666884152,One year,No,0
12,113.5696979491684,1347.43389906971,Month-to-month,Fiber optic,1
47,74.48782855266238,3520.761804323649,Month-to-month,Fiber optic,0
1,49.1634796871184,54.655787652134876,One year,Fiber optic,1
14,58.492114741576906,845.2318268185762,Month-to-month,No,0
64,63.614659131493234,4063.287092016704,Month-to-month,Fiber optic,0
38,79.26062200278297,3021.4824583875225,Month-to-month,Fiber optic,0
37,70.59930162504277,2619.9668990005243,Month-to-month,No,0
11,111.77798126787057,1226.6520429156028,One year,Fiber optic,0
3,68.69027525639468,220.1813347797763,Two year,Fiber optic,0
33,119.2001175119779,3929.549777819133,Month-to-month,No,0
6,104.84534568999976,625.4631599457525,Month-to-month,Fiber optic,1
50,39.26807246444825,1928.6893243030288,Month-to-month,Fiber optic,1
10,112.92071189367945,1133.297399474221,Month-to-month,No,1
5,29.869372584318562,136.09176380476876,One year,Fiber optic,0
23,101.37987026610155,2326.229804163381,One year,Fiber optic,0
10,56.82357593461117,557.9735629586614,Month-to-month,No,1
44,107.55338068539709,4728.6864347642895,Month-to-month,No,1
2,106.54178239095994,217.52236708409424,Month-to-month,Fiber optic,1
13,100.20439081199736,1302.7684961864531,Two year,DSL,0
40,98.58310450332026,3950.4205930378685,Two year,Fiber optic,0
2,49.07727218800016,110.81083973185663,Month-to-month,Fiber optic,1
65,26.25376687122772,1702.8068872630236,Month-to-month,Fiber optic,0
63,59.103978234046465,3718.7649563247664,Two year,Fiber optic,0
17,35.69950052862389,616.4687855232261,Two year,Fiber optic,0
9,88.8850110680511,810.3355724998592,Month-to-month,Fiber optic,1
15,53.30217210685412,806.9384902838424,Month-to-month,DSL,1
24,117.51224048771132,2810.771983637678,Month-to-month,Fiber optic,1
38,83.37915188922386,3172.6343224455227,One year,Fiber optic,0
35,101.89301749070482,3567.3503182151417,Month-to-month,DSL,1
49,31.51751661966854,1554.8836037772553,Month-to-month,DSL,0
69,105.9254771918075,7303.12920533934,One year,Fiber optic,0
62,112.12123343236622,6934.850369895206,Month-to-month,Fiber optic,0
60,67.68031571953146,4067.7213111756905,One year,DSL,0
50,79.83779965059969,3966.3062986974137,Month-to-month,No,1
9,96.01059969210553,856.7802631899865,Month-to-month,Fiber optic,1
34,35.83353998056208,1208.1084042259279,One year,No,0
35,69.26173979927113,2413.861546265432,Month-to-month,Fiber optic,1
1,58.663628832775935,51.173314123224976,Two year,Fiber optic,1
40,32.93014720054941,1329.3796237194929,One year,No,0
64,55.488511073736206,3559.4702629091807,Month-to-month,Fiber optic,1
22,24.95357555732034,546.4613554411225,One year,Fiber optic,0
60,20.632814508847673,1249.305105249451,Month-to-month,DSL,0
64,31.78696149379192,2023.7425640510191,Two year,Fiber optic,1
11,116.23774138209573,1266.6323213455814,Month-to-month,DSL,1
14,74.05201266129173,1045.36414385055,One year,DSL,0
60,116.51386043762844,6996.628058550933,Month-to-month,DSL,1
30,62.114783589673465,1858.8408736743706,Month-to-month,DSL,0
35,49.80524557469648,1731.8289861773953,Two year,No,0
37,69.62647000970489,2590.7767091094606,Two year,DSL,0
5,62.83019224055683,296.949935693306,Month-to-month,Fiber optic,0
26,28.77779779469788,742.2384833087092,Month-to-month,No,0
62,83.36428409840103,5170.871379376043,Two year,Fiber optic,0
4,40.03589461597916,178.1652265482311,Two year,DSL,0
42,81.19797139957862,3414.1458009030343,Month-to-month,Fiber optic,1
18,84.32051142461164,1522.5722521731425,Month-to-month,Fiber optic,1
40,33.50653501912211,1334.567563763403,Month-to-month,Fiber optic,0
39,24.25766196528815,951.7336188989838,Two year,Fiber optic,0
14,97.63768177898086,1367.980638114523,Month-to-month,No,0
32,64.89964322447065,2060.9039377788854,Month-to-month,Fiber optic,0
51,23.93270714155853,1228.497412754416,One year,Fiber optic,0
38,119.47636435131625,4549.805779248486,Month-to-month,Fiber optic,0
23,23.8936172216294,557.5868465856878,Month-to-month,DSL,0
63,88.89359334357242,5600.6296599017205,Month-to-month,No,1
15,118.33525037686819,1765.4669868215265,Month-to-month,DSL,1
25,42.396370630024414,1036.8174284377617,Month-to-month,Fiber optic,1
17,32.50943560609401,554.2309413576127,One year,No,0
66,30.38126382108775,2015.9828327891998,Month-to-month,Fiber optic,0
53,48.93406505189475,2603.4607724412526,One year,Fiber optic,0
51,28.306672723085963,1451.8010373113225,Two year,Fiber optic,0
39,88.60045685280146,3454.675707473763,One year,No,0
51,24.353763409266396,1252.9165756129012,Month-to-month,Fiber optic,0
70,69.96105707127856,4906.515613228058,Month-to-month,No,0
6,119.66307909300363,713.7521389508063,Month-to-month,DSL,0
67,101.02496748961391,6775.438801970291,Month-to-month,Fiber optic,1
7,80.7523826995631,559.9070874428488,Month-to-month,No,1
51,49.237869320234395,2516.5315776481234,One year,DSL,0
42,81.63737530174713,3415.7785962303687,Month-to-month,Fiber optic,0
64,71.75822931898847,4580.304558328533,Month-to-month,DSL,1
15,61.46050515681789,932.4896478217073,Month-to-month,Fiber optic,1
29,31.33245842750035,918.0168956195578,One year,Fiber optic,1
33,108.4336299545276,3584.6459039051692,Month-to-month,Fiber optic,1
27,63.8780341797749,1725.5866110644506,One year,DSL,0
36,37.851496205718036,1338.7411190956077,Month-to-month,DSL,1
29,55.51145378948354,1609.0834005129577,Two year,DSL,0
38,60.24123475795056,2293.7087524740195,Two year,Fiber optic,0
57,102.40886534782118,5831.9579923502115,Month-to-month,Fiber optic,1
27,92.82866681726301,2499.249062138019,Month-to-month,No,0
55,96.46909915141666,5320.244657209453,Month-to-month,Fiber optic,0
33,19.125188971722014,630.5283461529103,Month-to-month,Fiber optic,1
68,60.44770781433567,4114.99208307125,One year,No,0
66,67.09710346680302,4436.150143425193,Two year,Fiber optic,0
10,19.957612235951782,189.56175159446704,One year,No,0
5,44.50094729199349,224.43681068710939,Two year,Fiber optic,0
38,95.54956195845777,3644.079799366168,Month-to-month,DSL,1
13,31.985189984357902,433.99970162964996,Month-to-month,DSL,0
31,72.60163340816435,2251.049999625242,One year,Fiber optic,0
47,39.95059094575822,1875.2983389771657,Month-to-month,DSL,0
52,19.236319013677114,1002.9788293925853,One year,Fiber optic,0
56,42.60254867515323,2388.179096278856,Month-to-month,Fiber optic,0
15,117.53912300082548,1776.9544256736938,Month-to-month,Fiber optic,1
29,99.75678541206494,2882.9828600582127,Two year,Fiber optic,0
8,115.87681772074541,924.215810904303,Month-to-month,DSL,1
5,67.76111248048898,327.6341491336798,Two year,Fiber optic,0
29,29.193092265105356,836.4787268300795,Two year,Fiber optic,0
47,73.89186787531668,3476.683530291275,One year,No,0
68,64.34648812511601,4383.659770924259,One year,Fiber optic,0
45,104.12442243944083,4679.1050928374,One year,No,0
2,28.004423239992946,63.729794369738784,Two year,Fiber optic,0
27,67.80059597622137,1841.7318779292966,Month-to-month,Fiber optic,0
36,33.304963798786396,1218.3257567406442,Month-to-month,DSL,0
36,51.116944542786115,1840.9074720287106,One year,Fiber optic,0
26,93.21042189355556,2417.073323958003,Month-to-month,Fiber optic,1
43,66.55384919561419,2851.790796095351,Month-to-month,Fiber optic,1
27,56.34060508486847,1510.1784053122499,Month-to-month,Fiber optic,0
69,58.2365804141436,4030.821855589945,One year,Fiber optic,0
20,64.86357037741064,1282.1204541186562,Two year,Fiber optic,0
11,98.0716874713798,1090.9660470416898,Month-to-month,Fiber optic,0
38,108.99263827190391,4133.035844039827,Two year,DSL,0
6,115.44413802340068,685.81276616181,One year,No,1
23,98.2641453980401,2258.5597896048225,Two year,DSL,0
47,50.1715033662973,2351.024112720308,One year,DSL,0
46,88.1897400208273,4066.0478385076517,One year,Fiber optic,0
12,62.635518653649974,769.7596633636275,Month-to-month,Fiber optic,0
13,43.97640344869722,565.1189232575325,Two year,Fiber optic,0
62,103.7689011014441,6429.349489897888,Month-to-month,DSL,0
60,21.91948759415715,1313.5360475765901,Two year,Fiber optic,0
43,109.9797231978132,4734.5386651408935,Two year,Fiber optic,0
68,65.07070139172288,4423.272851847597,Month-to-month,No,0
5,82.99455063444461,428.845327282749,Month-to-month,No,1
37,85.25410006498984,3165.8679415702436,One year,Fiber optic,0
31,109.3020095520667,3376.507672578117,Month-to-month,Fiber optic,1
9,82.94030758105515,751.6724498852446,Two year,Fiber optic,0
51,80.6212256455263,4126.885900294936,Month-to-month,DSL,1
29,24.798508137190375,714.208926520852,Month-to-month,Fiber optic,0
40,70.87761823841082,2832.162080818497,Two year,Fiber optic,0
41,33.317238083338246,1360.7263914383386,One year,No,0
11,93.21824440959153,1020.3299323502719,Two year,DSL,0
23,70.2466359228928,1598.988110707424,Month-to-month,Fiber optic,1
1,87.38323347925204,74.10008396460154,One year,Fiber optic,0
46,22.250635861443193,1024.3039868137591,One year,Fiber optic,0
21,26.648785636671928,574.7604781166383,One year,DSL,0
36,91.06498558239359,3272.205872840986,One year,No,0
54,25.352602271864683,1362.6129496512074,One year,Fiber optic,0
57,25.268186232056376,1457.3018259314208,Month-to-month,Fiber optic,0
1,19.23506447395852,8.152489855798652,Month-to-month,DSL,1
63,115.56314262654698,7263.865553845395,One year,Fiber optic,0
54,93.2258526648187,5025.910889538834,Month-to-month,Fiber optic,0
55,54.031643667210545,2965.1125569086366,One year,DSL,0
40,48.24662929134084,1912.3906408066828,Month-to-month,DSL,1
15,53.66972943407666,803.7655244484038,One year,No,0
21,97.01466018048055,2046.792327288707,One year,DSL,0
47,85.45980232918227,4003.7511617344185,Month-to-month,DSL,0
53,36.88994792248173,1956.0430220810676,Month-to-month,Fiber optic,0
9,35.7591522040766,325.7917265929571,Month-to-month,Fiber optic,0
52,28.036356270766525,1457.0566833271164,One year,DSL,0
57,85.3508774095365,4866.8569382409905,Two year,Fiber optic,0
26,95.96601154661707,2497.089572837996,Month-to-month,DSL,0
41,45.03473568915041,1838.2968836859825,One year,DSL,0
35,20.136386025153108,719.7593366004775,Month-to-month,DSL,1
63,26.38151008259559,1674.5127035442842,Month-to-month,No,0
25,116.7217235541931,2929.9422028272393,Two year,DSL,0
38,48.135367302696864,1839.2807149079194,Month-to-month,DSL,0
2,96.46076107948963,177.17172746464902,Month-to-month,Fiber optic,1
7,81.71568402313491,581.270411940064,Month-to-month,No,1
34,56.95784324459538,1943.1226845917379,Month-to-month,DSL,1
17,38.98010074394662,647.2964764976548,Month-to-month,Fiber optic,0
43,30.381414652259455,1304.251726495656,Month-to-month,DSL,1
59,80.7313227399644,4765.915976151153,One year,Fiber optic,0
51,97.01264562505438,4964.288097859019,Month-to-month,Fiber optic,1
54,83.67823386119532,4525.87186708349,One year,Fiber optic,0
24,72.09081759141415,1721.5339649211567,Month-to-month,Fiber optic,1
25,22.2790247900269,573.9295043351921,Month-to-month,Fiber optic,0
71,116.78585531462714,8292.233524965666,One year,DSL,0
52,99.4688475487666,5169.821661166832,Two year,Fiber optic,0
70,47.8678477434984,3347.478160079,Month-to-month,DSL,0
33,117.95697359460277,3876.3445762416604,Two year,Fiber optic,0
49,79.39192214290486,3889.106489964177,One year,No,1
29,77.40711113713914,2249.7810755500914,One year,No,1
63,94.30346430181227,5937.26441773892,One year,No,0
22,100.80051838519402,2221.815929246744,Month-to-month,Fiber optic,1
26,84.96081794781327,2200.337355934003,Month-to-month,Fiber optic,1
28,31.065766129352404,868.4321724790912,One year,DSL,0
49,52.503285611438834,2575.826398226589,Month-to-month,Fiber optic,1
71,112.66453131325707,8001.078332011886,Two year,Fiber optic,0
49,40.91079240807289,1988.5741770983814,Month-to-month,Fiber optic,1
20,55.96103643142636,1114.830669119815,Month-to-month,Fiber optic,0
63,62.07184206030799,3927.3006791025296,One year,DSL,0
61,62.81930894883412,3827.0533851355763,Month-to-month,Fiber optic,0
49,80.51983741444161,3945.6301087487573,One year,No,0
71,114.19373544996017,8106.887659441682,One year,DSL,0
1,42.55065660691551,58.23305419611202,Two year,Fiber optic,1
13,30.393140382693645,408.01450619696413,One year,No,0
51,38.141989965713606,1953.316798249582,One year,Fiber optic,0
56,108.46633982134549,6064.382606861622,One year,Fiber optic,0
62,83.87270289083101,5203.699409723443,Two year,DSL,0
32,47.16249250239433,1514.8791775073698,Month-to-month,Fiber optic,0
30,101.22658777479896,3029.8115848880084,Month-to-month,No,0
29,105.85973962907048,3061.227278184567,Month-to-month,Fiber optic,0
49,104.34446254640837,5129.92880624608,Month-to-month,Fiber optic,1
45,111.73050643123456,5024.864756283387,One year,DSL,0
30,43.72858405768288,1328.007289919598,One year,DSL,0
16,95.01427673212038,1530.1993652688714,One year,No,0
40,64.97502872196227,2603.0799167022446,Month-to-month,Fiber optic,0
19,103.88385239478627,1978.318509864534,One year,Fiber optic,0
18,92.30604907048455,1647.5046876654142,Month-to-month,DSL,1
1,97.19763954297191,99.26538734131607,One year,Fiber optic,1
47,84.9285074434693,4005.8100539728734,One year,No,0
66,36.0977344859101,2389.2638711019226,Month-to-month,Fiber optic,0
38,73.59274572748771,2798.067704515177,Month-to-month,DSL,0
51,118.43631343149984,6057.3713569646625,Month-to-month,Fiber optic,0
63,113.61358278270613,7155.805308083878,Two year,Fiber optic,0
4,22.40372105129519,83.41932745496392,Two year,Fiber optic,1
1,34.811111204402586,36.34943036518516,One year,No,0
8,31.436334892365316,259.1553528200385,Month-to-month,Fiber optic,1
29,92.04995081850014,2652.2706327784213,Month-to-month,No,0
55,101.4141036454084,5580.624386932366,One year,Fiber optic,0
3,39.77815936368853,127.4379282464287,One year,DSL,1
32,69.59697468108655,2224.406773541801,Month-to-month,Fiber optic,0
10,103.7517088571424,1048.5867362344504,Month-to-month,DSL,1
34,92.74575756615756,3159.767623873468,One year,No,0
55,73.30819496016852,4053.3645539943795,Month-to-month,Fiber optic,0
32,78.21546442679482,2495.3888326816223,Month-to-month,Fiber optic,0
50,69.85277578546055,3500.9458877779884,Month-to-month,Fiber optic,0
7,48.3499420345197,328.2763551636638,One year,DSL,1
8,75.63224327161964,588.9042816601899,Two year,Fiber optic,1
65,88.26630080910925,5716.954244163923,Two year,Fiber optic,0
57,107.07893741780238,6108.882673038705,One year,DSL,0
67,82.9017181058833,5556.257592233623,One year,Fiber optic,0
59,95.63439677840212,5637.638899352108,Month-to-month,DSL,0
54,34.327306765366444,1835.939521990292,One year,Fiber optic,0
67,65.07886239081857,4353.379913923458,Month-to-month,Fiber optic,0
51,18.951825222363517,966.5840164172939,One year,DSL,0
8,43.16124418120555,353.22164711757534,Month-to-month,No,1
34,92.09909494152649,3131.2038705094246,Month-to-month,DSL,0
35,119.16461503763507,4173.282129744281,Month-to-month,DSL,1
32,28.116166157896025,895.9559932429314,Month-to-month,DSL,0
